<hackpackage>
  <name>Verbose Errors</name>
  <identifier>VerbErr</identifier>
  <description>Shows relevant parts of the stack trace when an error message appears.</description>
  <developerName>Cliff Weinstein</developerName>
  <developerInstitution>MCPHS University</developerInstitution>
  <developerURL>https://github.com/C-Weinstein</developerURL>
  <developerEmail>cweinstein.tech@gmail.com</developerEmail>
  <hook>jsp.topFrame.start</hook>
  <restrictions>
    <restriction>
      <type>URL</type>
      <value>.*webapps/blackboard/error.jsp|.*webapps/blackboard/webapis/ui/500.jsp</value>
      <inverse>false</inverse>
    </restriction>
  </restrictions>
  <resources/>
</hackpackage>